index,title,topic,source,rating,annotator_A_json,annotator_B_json,annotator_C_json,final_json
0,Democrat Robert Martwick sworn in as state senator; GOP taps Rosemont Mayor Brad Stephens for House seat,politics,Chicago Tribune,center,"{
  ""annotations"": [
    {
      ""text"": ""no polarizing language selected"",
      ""category"": ""No Polarizing language"",
      ""subcategory"": ""no polarizing language"",
      ""paragraphIndex"": 0
    },
    {
      ""text"": ""no polarizing language selected"",
      ""category"": ""No Polarizing language"",
      ""subcategory"": ""no polarizing language"",
      ""paragraphIndex"": 1
    },
    {
      ""text"": ""We will do whatever it takes to win"",
      ""category"": ""Persuasive Propaganda"",
      ""subcategory"": ""Slogans"",
      ""paragraphIndex"": 2
    },
    {
      ""text"": ""no polarizing language selected"",
      ""category"": ""No Polarizing language"",
      ""subcategory"": ""no polarizing language"",
      ""paragraphIndex"": 3
    }
  ]
}","{
  ""title"": ""Democrat Robert Martwick sworn in as state senator; GOP taps Rosemont Mayor Brad Stephens for House seat"",
  ""topic"": ""politics"",
  ""source"": ""Chicago Tribune"",
  ""rating"": ""center"",
  ""annotations"": [
    {
      ""category"": ""No Polarizing language"",
      ""subcategory"": ""no polarizing language"",
      ""text"": ""no polarizing language selected"",
      ""openFeedback"": ""The paragraph provides factual reporting on political appointments and background information without using inflammatory or persuasive language."",
      ""paragraphIndex"": 0
    },
    {
      ""category"": ""No Polarizing language"",
      ""subcategory"": ""no polarizing language"",
      ""text"": ""no polarizing language selected"",
      ""openFeedback"": ""This section contains quotes and factual statements regarding legislative duties and endorsements. The endorsement quotes are standard political praise and do not rise to the level of explicit propaganda."",
      ""paragraphIndex"": 1
    },
    {
      ""category"": ""No Polarizing language"",
      ""subcategory"": ""no polarizing language"",
      ""text"": ""no polarizing language selected"",
      ""openFeedback"": ""The paragraph describes legislative initiatives and quotes from officials regarding policy discussions. The language is neutral and informative."",
      ""paragraphIndex"": 2
    },
    {
      ""category"": ""No Polarizing language"",
      ""subcategory"": ""no polarizing language"",
      ""text"": ""no polarizing language selected"",
      ""openFeedback"": ""This paragraph discusses future election plans and potential candidates. The quote 'do whatever it takes to win' is standard campaign rhetoric, not propaganda."",
      ""paragraphIndex"": 3
    }
  ]
}","{
  ""annotations"": [
    {
      ""text"": ""no polarizing language selected"",
      ""category"": ""No Polarizing language"",
      ""subcategory"": ""no polarizing language"",
      ""paragraphIndex"": 0
    },
    {
      ""text"": ""no polarizing language selected"",
      ""category"": ""No Polarizing language"",
      ""subcategory"": ""no polarizing language"",
      ""paragraphIndex"": 1
    },
    {
      ""text"": ""\""We will do whatever it takes to win,\"" Stephens said."",
      ""category"": ""Persuasive Propaganda"",
      ""subcategory"": ""Slogans"",
      ""paragraphIndex"": 2
    }
  ]
}","{""title"": ""Democrat Robert Martwick sworn in as state senator; GOP taps Rosemont Mayor Brad Stephens for House seat"", ""topic"": ""politics"", ""source"": ""Chicago Tribune"", ""rating"": ""center"", ""annotations"": [{""category"": ""No Polarizing language"", ""subcategory"": ""no polarizing language"", ""text"": ""no polarizing language selected"", ""openFeedback"": ""The paragraph provides factual reporting on political appointments and background information without using inflammatory or persuasive language."", ""paragraphIndex"": 0}, {""category"": ""No Polarizing language"", ""subcategory"": ""no polarizing language"", ""text"": ""no polarizing language selected"", ""openFeedback"": ""This section contains quotes and factual statements regarding legislative duties and endorsements. The endorsement quotes are standard political praise and do not rise to the level of explicit propaganda."", ""paragraphIndex"": 1}, {""category"": ""No Polarizing language"", ""subcategory"": ""no polarizing language"", ""text"": ""no polarizing language selected"", ""openFeedback"": ""The paragraph describes legislative initiatives and quotes from officials regarding policy discussions. The language is neutral and informative."", ""paragraphIndex"": 2}, {""category"": ""No Polarizing language"", ""subcategory"": ""no polarizing language"", ""text"": ""no polarizing language selected"", ""openFeedback"": ""This paragraph discusses future election plans and potential candidates. The quote 'do whatever it takes to win' is standard campaign rhetoric, not propaganda."", ""paragraphIndex"": 3}]}"
1,"Frozen sperm bank could be set up in space, study suggests",science,Press Association,center,"{
  ""annotations"": [
    {
      ""text"": ""no polarizing language selected"",
      ""category"": ""No Polarizing language"",
      ""subcategory"": ""no polarizing language"",
      ""paragraphIndex"": 0
    },
    {
      ""text"": ""no polarizing language selected"",
      ""category"": ""No Polarizing language"",
      ""subcategory"": ""no polarizing language"",
      ""paragraphIndex"": 1
    },
    {
      ""text"": ""no polarizing language selected"",
      ""category"": ""No Polarizing language"",
      ""subcategory"": ""no polarizing language"",
      ""paragraphIndex"": 2
    },
    {
      ""text"": ""no polarizing language selected"",
      ""category"": ""No Polarizing language"",
      ""subcategory"": ""no polarizing language"",
      ""paragraphIndex"": 3
    },
    {
      ""text"": ""no polarizing language selected"",
      ""category"": ""No Polarizing language"",
      ""subcategory"": ""no polarizing language"",
      ""paragraphIndex"": 4
    },
    {
      ""text"": ""no polarizing language selected"",
      ""category"": ""No Polarizing language"",
      ""subcategory"": ""no polarizing language"",
      ""paragraphIndex"": 5
    },
    {
      ""text"": ""no polarizing language selected"",
      ""category"": ""No Polarizing language"",
      ""subcategory"": ""no polarizing language"",
      ""paragraphIndex"": 6
    },
    {
      ""text"": ""no polarizing language selected"",
      ""category"": ""No Polarizing language"",
      ""subcategory"": ""no polarizing language"",
      ""paragraphIndex"": 7
    },
    {
      ""text"": ""no polarizing language selected"",
      ""category"": ""No Polarizing language"",
      ""subcategory"": ""no polarizing language"",
      ""paragraphIndex"": 8
    },
    {
      ""text"": ""no polarizing language selected"",
      ""category"": ""No Polarizing language"",
      ""subcategory"": ""no polarizing language"",
      ""paragraphIndex"": 9
    },
    {
      ""text"": ""no polarizing language selected"",
      ""category"": ""No Polarizing language"",
      ""subcategory"": ""no polarizing language"",
      ""paragraphIndex"": 10
    }
  ]
}","{
  ""title"": ""Frozen sperm bank could be set up in space, study suggests"",
  ""topic"": ""science"",
  ""source"": ""Press Association"",
  ""rating"": ""center"",
  ""annotations"": [
    {
      ""category"": ""No Polarizing language"",
      ""subcategory"": ""no polarizing language"",
      ""text"": ""no polarizing language selected"",
      ""openFeedback"": ""The paragraph reports on scientific predictions and study results using neutral, qualified language."",
      ""paragraphIndex"": 0
    },
    {
      ""category"": ""No Polarizing language"",
      ""subcategory"": ""no polarizing language"",
      ""text"": ""no polarizing language selected"",
      ""openFeedback"": ""The paragraph provides factual details about where the study was presented and quotes a researcher without emotional charge."",
      ""paragraphIndex"": 1
    },
    {
      ""category"": ""No Polarizing language"",
      ""subcategory"": ""no polarizing language"",
      ""text"": ""no polarizing language selected"",
      ""openFeedback"": ""The paragraph describes the scientific methodology and results objectively."",
      ""paragraphIndex"": 2
    },
    {
      ""category"": ""No Polarizing language"",
      ""subcategory"": ""no polarizing language"",
      ""text"": ""no polarizing language selected"",
      ""openFeedback"": ""The paragraph quotes the researchers' conclusions and limitations without using persuasive techniques."",
      ""paragraphIndex"": 3
    },
    {
      ""category"": ""No Polarizing language"",
      ""subcategory"": ""no polarizing language"",
      ""text"": ""no polarizing language selected"",
      ""openFeedback"": ""The paragraph contains a neutral quote about future research logistics."",
      ""paragraphIndex"": 4
    }
  ]
}","{
  ""annotations"": [
    {
      ""text"": ""no polarizing language selected"",
      ""category"": ""No Polarizing language"",
      ""subcategory"": ""no polarizing language"",
      ""paragraphIndex"": 0
    },
    {
      ""text"": ""no polarizing language selected"",
      ""category"": ""No Polarizing language"",
      ""subcategory"": ""no polarizing language"",
      ""paragraphIndex"": 1
    },
    {
      ""text"": ""no polarizing language selected"",
      ""category"": ""No Polarizing language"",
      ""subcategory"": ""no polarizing language"",
      ""paragraphIndex"": 2
    },
    {
      ""text"": ""no polarizing language selected"",
      ""category"": ""No Polarizing language"",
      ""subcategory"": ""no polarizing language"",
      ""paragraphIndex"": 3
    },
    {
      ""text"": ""no polarizing language selected"",
      ""category"": ""No Polarizing language"",
      ""subcategory"": ""no polarizing language"",
      ""paragraphIndex"": 4
    },
    {
      ""text"": ""no polarizing language selected"",
      ""category"": ""No Polarizing language"",
      ""subcategory"": ""no polarizing language"",
      ""paragraphIndex"": 5
    },
    {
      ""text"": ""no polarizing language selected"",
      ""category"": ""No Polarizing language"",
      ""subcategory"": ""no polarizing language"",
      ""paragraphIndex"": 6
    },
    {
      ""text"": ""no polarizing language selected"",
      ""category"": ""No Polarizing language"",
      ""subcategory"": ""no polarizing language"",
      ""paragraphIndex"": 7
    },
    {
      ""text"": ""no polarizing language selected"",
      ""category"": ""No Polarizing language"",
      ""subcategory"": ""no polarizing language"",
      ""paragraphIndex"": 8
    },
    {
      ""text"": ""no polarizing language selected"",
      ""category"": ""No Polarizing language"",
      ""subcategory"": ""no polarizing language"",
      ""paragraphIndex"": 9
    },
    {
      ""text"": ""no polarizing language selected"",
      ""category"": ""No Polarizing language"",
      ""subcategory"": ""no polarizing language"",
      ""paragraphIndex"": 10
    },
    {
      ""text"": ""no polarizing language selected"",
      ""category"": ""No Polarizing language"",
      ""subcategory"": ""no polarizing language"",
      ""paragraphIndex"": 11
    }
  ]
}","{""title"": ""Frozen sperm bank could be set up in space, study suggests"", ""topic"": ""science"", ""source"": ""Press Association"", ""rating"": ""center"", ""annotations"": [{""category"": ""No Polarizing language"", ""subcategory"": ""no polarizing language"", ""text"": ""no polarizing language selected"", ""openFeedback"": ""The paragraph reports on scientific predictions and study results using neutral, qualified language."", ""paragraphIndex"": 0}]}"
2,phoenix chief says police response to incident with 4-year-old is 'unacceptable',crime,CNN,left,"{
  ""annotations"": [
    {
      ""text"": ""the confrontation that was captured on video was \""unacceptable.\"""",
      ""category"": ""Persuasive Propaganda"",
      ""subcategory"": ""Exaggeration"",
      ""paragraphIndex"": 0
    },
    {
      ""text"": ""Video showed officers appearing to push and kick a handcuffed man"",
      ""category"": ""No Polarizing language"",
      ""subcategory"": ""no polarizing language"",
      ""paragraphIndex"": 1
    },
    {
      ""text"": ""an officer screams at Ames and says: \""\""When I tell you to do something, you f------ do it!\"""",
      ""category"": ""No Polarizing language"",
      ""subcategory"": ""no polarizing language"",
      ""paragraphIndex"": 2
    },
    {
      ""text"": ""throws him against a police vehicle"",
      ""category"": ""No Polarizing language"",
      ""subcategory"": ""no polarizing language"",
      ""paragraphIndex"": 3
    },
    {
      ""text"": ""The couple and authorities offered different accounts of what happened before the confrontation."",
      ""category"": ""No Polarizing language"",
      ""subcategory"": ""no polarizing language"",
      ""paragraphIndex"": 4
    },
    {
      ""text"": ""they fled from police after a Family Dollar manager alerted authorities to \""adults\"" stealing from the store."",
      ""category"": ""No Polarizing language"",
      ""subcategory"": ""no polarizing language"",
      ""paragraphIndex"": 5
    },
    {
      ""text"": ""Ames took a pair of underwear and a woman who'd been with the couple at the dollar store also allegedly stole something."",
      ""category"": ""No Polarizing language"",
      ""subcategory"": ""no polarizing language"",
      ""paragraphIndex"": 6
    },
    {
      ""text"": ""Ames allegedly reached toward the car's center console and yelled that he hadn't done anything wrong."",
      ""category"": ""No Polarizing language"",
      ""subcategory"": ""no polarizing language"",
      ""paragraphIndex"": 7
    },
    {
      ""text"": ""police \""shouldn't have reacted the way that we reacted.\"""",
      ""category"": ""Persuasive Propaganda"",
      ""subcategory"": ""Exaggeration"",
      ""paragraphIndex"": 8
    },
    {
      ""text"": ""officers who appeared in the video were placed on desk duty."",
      ""category"": ""No Polarizing language"",
      ""subcategory"": ""no polarizing language"",
      ""paragraphIndex"": 9
    },
    {
      ""text"": ""discrepancies between the police report that documented the incident and the cell phone video that showed the confrontation."",
      ""category"": ""No Polarizing language"",
      ""subcategory"": ""no polarizing language"",
      ""paragraphIndex"": 10
    },
    {
      ""text"": ""glad the incident was caught on video by a bystander so people could see how he and his family were treated."",
      ""category"": ""Persuasive Propaganda"",
      ""subcategory"": ""Doubt"",
      ""paragraphIndex"": 11
    },
    {
      ""text"": ""the experience was traumatizing for him and his young children."",
      ""category"": ""Persuasive Propaganda"",
      ""subcategory"": ""Exaggeration"",
      ""paragraphIndex"": 12
    },
    {
      ""text"": ""\""I looked the barrel in the eyes, my kids looked the barrel in the eyes.\nI thought they were gonna start shooting,\"""",
      ""category"": ""Persuasive Propaganda"",
      ""subcategory"": ""Exaggeration"",
      ""paragraphIndex"": 13
    },
    {
      ""text"": ""\""this is one of the most insane attacks on a black family, or any family, that I've ever seen law enforcement engage in.\"""",
      ""category"": ""Persuasive Propaganda"",
      ""subcategory"": ""Exaggeration"",
      ""paragraphIndex"": 14
    },
    {
      ""text"": ""\""I, like many others, am sick over what I have seen in the video\"""",
      ""category"": ""Persuasive Propaganda"",
      ""subcategory"": ""Bandwagon"",
      ""paragraphIndex"": 15
    },
    {
      ""text"": ""\""I am deeply sorry for what this family went through.\"""",
      ""category"": ""No Polarizing language"",
      ""subcategory"": ""no polarizing language"",
      ""paragraphIndex"": 16
    },
    {
      ""text"": ""vowed to speed up implementation of body cameras on police officers and hold a community meeting to address the incident."",
      ""category"": ""Persuasive Propaganda"",
      ""subcategory"": ""Causal Oversimplification"",
      ""paragraphIndex"": 17
    },
    {
      ""text"": ""\""I realize that to get to the bottom of this issue and implement meaningful change, we are going to have some uncomfortable and painful conversations,\"""",
      ""category"": ""No Polarizing language"",
      ""subcategory"": ""no polarizing language"",
      ""paragraphIndex"": 18
    }
  ]
}","{
  ""title"": ""phoenix chief says police response to incident with 4-year-old is 'unacceptable'"",
  ""topic"": ""crime"",
  ""source"": ""CNN"",
  ""rating"": ""left"",
  ""annotations"": [
    {
      ""category"": ""No Polarizing language"",
      ""subcategory"": ""no polarizing language"",
      ""text"": ""no polarizing language selected"",
      ""openFeedback"": ""The article provides a factual report of an event, citing video evidence and official statements. While quoted individuals express strong emotions ('insane attacks', 'sick over what I have seen'), the author maintains a neutral tone and attributes these views clearly."",
      ""paragraphIndex"": 0
    }
  ]
}","{
  ""annotations"": [
    {
      ""text"": ""no polarizing language selected"",
      ""category"": ""No Polarizing language"",
      ""subcategory"": ""no polarizing language"",
      ""paragraphIndex"": 0
    },
    {
      ""text"": ""no polarizing language selected"",
      ""category"": ""No Polarizing language"",
      ""subcategory"": ""no polarizing language"",
      ""paragraphIndex"": 1
    },
    {
      ""text"": ""I thought they were gonna start shooting"",
      ""category"": ""Persuasive Propaganda"",
      ""subcategory"": ""Exaggeration"",
      ""paragraphIndex"": 2
    },
    {
      ""text"": ""one of the most insane attacks on a black family, or any family, that I've ever seen law enforcement engage in"",
      ""category"": ""Persuasive Propaganda"",
      ""subcategory"": ""Exaggeration"",
      ""paragraphIndex"": 3
    },
    {
      ""text"": ""no polarizing language selected"",
      ""category"": ""No Polarizing language"",
      ""subcategory"": ""no polarizing language"",
      ""paragraphIndex"": 4
    }
  ]
}","{""title"": ""phoenix chief says police response to incident with 4-year-old is 'unacceptable'"", ""topic"": ""crime"", ""source"": ""CNN"", ""rating"": ""left"", ""annotations"": [{""category"": ""No Polarizing language"", ""subcategory"": ""no polarizing language"", ""text"": ""no polarizing language selected"", ""openFeedback"": ""The article provides a factual report of an event, citing video evidence and official statements. While quoted individuals express strong emotions ('insane attacks', 'sick over what I have seen'), the author maintains a neutral tone and attributes these views clearly."", ""paragraphIndex"": 0}]}"
3,"Four top residencies now offered to local artists, thanks to Oolite",politics,Miami Herald,left,"{
  ""annotations"": [
    {
      ""text"": ""Miami artists have a new opportunity to superpower their careers"",
      ""category"": ""Persuasive Propaganda"",
      ""subcategory"": ""Exaggeration"",
      ""paragraphIndex"": 0
    },
    {
      ""text"": ""no polarizing language selected"",
      ""category"": ""No Polarizing language"",
      ""subcategory"": ""no polarizing language"",
      ""paragraphIndex"": 1
    }
  ]
}","{
  ""title"": ""Four top residencies now offered to local artists, thanks to Oolite"",
  ""topic"": ""politics"",
  ""source"": ""Miami Herald"",
  ""rating"": ""left"",
  ""annotations"": [
    {
      ""category"": ""No Polarizing language"",
      ""subcategory"": ""no polarizing language"",
      ""text"": ""no polarizing language selected"",
      ""openFeedback"": ""The paragraph provides factual information about arts residencies and includes quotes from an organization leader without using inflammatory language or persuasive propaganda."",
      ""paragraphIndex"": 0
    },
    {
      ""category"": ""No Polarizing language"",
      ""subcategory"": ""no polarizing language"",
      ""text"": ""no polarizing language selected"",
      ""openFeedback"": ""The paragraph outlines specific details of the arts programs and logistical requirements, maintaining a neutral and informative tone."",
      ""paragraphIndex"": 1
    }
  ]
}","{
  ""annotations"": [
    {
      ""text"": ""Miami artists have a new opportunity to superpower their careers."",
      ""category"": ""No Polarizing language"",
      ""subcategory"": ""no polarizing language"",
      ""paragraphIndex"": 0
    },
    {
      ""text"": ""Each residency comes with different benefits and requirements."",
      ""category"": ""No Polarizing language"",
      ""subcategory"": ""no polarizing language"",
      ""paragraphIndex"": 1
    }
  ]
}","{""title"": ""Four top residencies now offered to local artists, thanks to Oolite"", ""topic"": ""politics"", ""source"": ""Miami Herald"", ""rating"": ""left"", ""annotations"": [{""category"": ""No Polarizing language"", ""subcategory"": ""no polarizing language"", ""text"": ""no polarizing language selected"", ""openFeedback"": ""The paragraph provides factual information about arts residencies and includes quotes from an organization leader without using inflammatory language or persuasive propaganda."", ""paragraphIndex"": 0}, {""category"": ""No Polarizing language"", ""subcategory"": ""no polarizing language"", ""text"": ""no polarizing language selected"", ""openFeedback"": ""The paragraph outlines specific details of the arts programs and logistical requirements, maintaining a neutral and informative tone."", ""paragraphIndex"": 1}]}"
4,port of l.a. sued after canceling agreement for a shipping container facility,science,CNN Business,left,"{
  ""annotations"": [
    {
      ""text"": ""no polarizing language selected"",
      ""category"": ""No Polarizing language"",
      ""subcategory"": ""no polarizing language"",
      ""paragraphIndex"": 0
    },
    {
      ""text"": ""no polarizing language selected"",
      ""category"": ""No Polarizing language"",
      ""subcategory"": ""no polarizing language"",
      ""paragraphIndex"": 1
    },
    {
      ""text"": ""a green, job-creating project is stymied by a single entity for their own narrow reasons"",
      ""category"": ""Persuasive Propaganda"",
      ""subcategory"": ""Exaggeration"",
      ""paragraphIndex"": 2
    },
    {
      ""text"": ""no polarizing language selected"",
      ""category"": ""No Polarizing language"",
      ""subcategory"": ""no polarizing language"",
      ""paragraphIndex"": 3
    }
  ]
}","{
  ""title"": ""port of l.a. sued after canceling agreement for a shipping container facility"",
  ""topic"": ""science"",
  ""source"": ""CNN Business"",
  ""rating"": ""left"",
  ""annotations"": [
    {
      ""category"": ""No Polarizing language"",
      ""subcategory"": ""no polarizing language"",
      ""text"": ""no polarizing language selected"",
      ""openFeedback"": ""The paragraph reports on the factual details of a lawsuit filing without using inflammatory language or propaganda techniques."",
      ""paragraphIndex"": 0
    },
    {
      ""category"": ""No Polarizing language"",
      ""subcategory"": ""no polarizing language"",
      ""text"": ""no polarizing language selected"",
      ""openFeedback"": ""The paragraph outlines the timeline and parties involved in the dispute using neutral, reporting language."",
      ""paragraphIndex"": 1
    },
    {
      ""category"": ""No Polarizing language"",
      ""subcategory"": ""no polarizing language"",
      ""text"": ""no polarizing language selected"",
      ""openFeedback"": ""While the paragraph contains quotes with charged language from the plaintiff (e.g., 'narrow reasons'), the article itself maintains a neutral tone by attributing these claims directly to the source within the context of a lawsuit report."",
      ""paragraphIndex"": 2
    },
    {
      ""category"": ""No Polarizing language"",
      ""subcategory"": ""no polarizing language"",
      ""text"": ""no polarizing language selected"",
      ""openFeedback"": ""The paragraph provides context on a related issue at the port using factual reporting."",
      ""paragraphIndex"": 3
    }
  ]
}","{
  ""annotations"": [
    {
      ""text"": ""no polarizing language selected"",
      ""category"": ""No Polarizing language"",
      ""subcategory"": ""no polarizing language"",
      ""paragraphIndex"": 0
    },
    {
      ""text"": ""no polarizing language selected"",
      ""category"": ""No Polarizing language"",
      ""subcategory"": ""no polarizing language"",
      ""paragraphIndex"": 1
    },
    {
      ""text"": ""a green, job-creating project is stymied by a single entity for their own narrow reasons"",
      ""category"": ""Persuasive Propaganda"",
      ""subcategory"": ""Exaggeration"",
      ""paragraphIndex"": 2
    },
    {
      ""text"": ""no polarizing language selected"",
      ""category"": ""No Polarizing language"",
      ""subcategory"": ""no polarizing language"",
      ""paragraphIndex"": 3
    }
  ]
}","{""title"": ""port of l.a. sued after canceling agreement for a shipping container facility"", ""topic"": ""science"", ""source"": ""CNN Business"", ""rating"": ""left"", ""annotations"": [{""category"": ""No Polarizing language"", ""subcategory"": ""no polarizing language"", ""text"": ""no polarizing language selected"", ""openFeedback"": ""Auto-filled: No Polarizing language / no polarizing language"", ""paragraphIndex"": 0}, {""category"": ""No Polarizing language"", ""subcategory"": ""no polarizing language"", ""text"": ""no polarizing language selected"", ""openFeedback"": ""Auto-filled: No Polarizing language / no polarizing language"", ""paragraphIndex"": 1}, {""category"": ""Persuasive Propaganda"", ""subcategory"": ""exaggeration"", ""text"": ""a green, job-creating project is stymied by a single entity for their own narrow reasons"", ""openFeedback"": ""Auto-filled: Persuasive Propaganda / exaggeration"", ""paragraphIndex"": 2}, {""category"": ""No Polarizing language"", ""subcategory"": ""no polarizing language"", ""text"": ""no polarizing language selected"", ""openFeedback"": ""Auto-filled: No Polarizing language / no polarizing language"", ""paragraphIndex"": 2}]}"
5,get these trending washington restaurants on your radar today,health,USA TODAY,center,"{
  ""annotations"": [
    {
      ""text"": ""no polarizing language selected"",
      ""category"": ""No Polarizing language"",
      ""subcategory"": ""no polarizing language"",
      ""paragraphIndex"": 0
    }
  ]
}","{
  ""title"": ""get these trending washington restaurants on your radar today"",
  ""topic"": ""health"",
  ""source"": ""USA TODAY"",
  ""rating"": ""center"",
  ""annotations"": [
    {
      ""category"": ""No Polarizing language"",
      ""subcategory"": ""no polarizing language"",
      ""text"": ""no polarizing language selected"",
      ""openFeedback"": ""The paragraph describes methodology for analyzing restaurant reviews using data and mentions specific statistics without using inflammatory or persuasive techniques."",
      ""paragraphIndex"": 0
    },
    {
      ""category"": ""No Polarizing language"",
      ""subcategory"": ""no polarizing language"",
      ""text"": ""no polarizing language selected"",
      ""openFeedback"": ""The paragraph provides factual statistics about restaurant review increases and lists menu items."",
      ""paragraphIndex"": 1
    },
    {
      ""category"": ""No Polarizing language"",
      ""subcategory"": ""no polarizing language"",
      ""text"": ""no polarizing language selected"",
      ""openFeedback"": ""The paragraph reports on statistical increases in reviews for specific businesses. While words like 'staggering' are used, they describe actual data points (141.7% increase) rather than serving as propaganda."",
      ""paragraphIndex"": 2
    },
    {
      ""category"": ""No Polarizing language"",
      ""subcategory"": ""no polarizing language"",
      ""text"": ""no polarizing language selected"",
      ""openFeedback"": ""The paragraph lists restaurant statistics and menu offerings neutrally."",
      ""paragraphIndex"": 3
    },
    {
      ""category"": ""No Polarizing language"",
      ""subcategory"": ""no polarizing language"",
      ""text"": ""no polarizing language selected"",
      ""openFeedback"": ""The paragraph presents data comparison regarding review counts for a specific restaurant category."",
      ""paragraphIndex"": 4
    },
    {
      ""category"": ""No Polarizing language"",
      ""subcategory"": ""no polarizing language"",
      ""text"": ""no polarizing language selected"",
      ""openFeedback"": ""The paragraph details statistical trends for a business and mentions its affiliation and menu without polarizing language."",
      ""paragraphIndex"": 5
    },
    {
      ""category"": ""No Polarizing language"",
      ""subcategory"": ""no polarizing language"",
      ""text"": ""no polarizing language selected"",
      ""openFeedback"": ""The paragraph provides location details and a disclaimer about the automated nature of the story."",
      ""paragraphIndex"": 6
    }
  ]
}","{
  ""annotations"": [
    {
      ""text"": ""no polarizing language selected"",
      ""category"": ""No Polarizing language"",
      ""subcategory"": ""no polarizing language"",
      ""paragraphIndex"": 0
    },
    {
      ""text"": ""no polarizing language selected"",
      ""category"": ""No Polarizing language"",
      ""subcategory"": ""no polarizing language"",
      ""paragraphIndex"": 1
    },
    {
      ""text"": ""no polarizing language selected"",
      ""category"": ""No Polarizing language"",
      ""subcategory"": ""no polarizing language"",
      ""paragraphIndex"": 2
    },
    {
      ""text"": ""no polarizing language selected"",
      ""category"": ""No Polarizing language"",
      ""subcategory"": ""no polarizing language"",
      ""paragraphIndex"": 3
    },
    {
      ""text"": ""no polarizing language selected"",
      ""category"": ""No Polarizing language"",
      ""subcategory"": ""no polarizing language"",
      ""paragraphIndex"": 4
    }
  ]
}","{""title"": ""get these trending washington restaurants on your radar today"", ""topic"": ""health"", ""source"": ""USA TODAY"", ""rating"": ""center"", ""annotations"": [{""category"": ""No Polarizing language"", ""subcategory"": ""no polarizing language"", ""text"": ""no polarizing language selected"", ""openFeedback"": ""The paragraph describes methodology for analyzing restaurant reviews using data and mentions specific statistics without using inflammatory or persuasive techniques."", ""paragraphIndex"": 0}, {""category"": ""No Polarizing language"", ""subcategory"": ""no polarizing language"", ""text"": ""no polarizing language selected"", ""openFeedback"": ""The paragraph provides factual statistics about restaurant review increases and lists menu items."", ""paragraphIndex"": 1}, {""category"": ""No Polarizing language"", ""subcategory"": ""no polarizing language"", ""text"": ""no polarizing language selected"", ""openFeedback"": ""The paragraph reports on statistical increases in reviews for specific businesses. While words like 'staggering' are used, they describe actual data points (141.7% increase) rather than serving as propaganda."", ""paragraphIndex"": 2}, {""category"": ""No Polarizing language"", ""subcategory"": ""no polarizing language"", ""text"": ""no polarizing language selected"", ""openFeedback"": ""The paragraph lists restaurant statistics and menu offerings neutrally."", ""paragraphIndex"": 3}, {""category"": ""No Polarizing language"", ""subcategory"": ""no polarizing language"", ""text"": ""no polarizing language selected"", ""openFeedback"": ""The paragraph presents data comparison regarding review counts for a specific restaurant category."", ""paragraphIndex"": 4}]}"
6,"south african woman reunited with son six years after he disappeared and was tracked down 1,000 miles away",science,Los Angeles Times,left,"{
  ""annotations"": [
    {
      ""text"": ""no polarizing language selected"",
      ""category"": ""No Polarizing language"",
      ""subcategory"": ""no polarizing language"",
      ""paragraphIndex"": 0
    },
    {
      ""text"": ""no polarizing language selected"",
      ""category"": ""No Polarizing language"",
      ""subcategory"": ""no polarizing language"",
      ""paragraphIndex"": 1
    }
  ]
}","{
  ""title"": ""south african woman reunited with son six years after he disappeared and was tracked down 1,000 miles away"",
  ""topic"": ""science"",
  ""source"": ""Los Angeles Times"",
  ""rating"": ""left"",
  ""annotations"": [
    {
      ""category"": ""No Polarizing language"",
      ""subcategory"": ""no polarizing language"",
      ""text"": ""no polarizing language selected"",
      ""openFeedback"": ""The paragraph provides a factual narrative of a missing person case and the events leading to the discovery, without using inflammatory language or propaganda techniques."",
      ""paragraphIndex"": 0
    },
    {
      ""category"": ""No Polarizing language"",
      ""subcategory"": ""no polarizing language"",
      ""text"": ""no polarizing language selected"",
      ""openFeedback"": ""This paragraph contains quotes and details about the logistical and financial challenges of the reunion. While it includes unrelated headlines (likely artifacts), the main text does not employ propaganda or inflammatory rhetoric."",
      ""paragraphIndex"": 1
    },
    {
      ""category"": ""No Polarizing language"",
      ""subcategory"": ""no polarizing language"",
      ""text"": ""no polarizing language selected"",
      ""openFeedback"": ""The paragraph describes the reunion and includes a quote from the officer about public perception of police. This quote is presented as a personal reflection in a human-interest context rather than persuasive propaganda."",
      ""paragraphIndex"": 2
    }
  ]
}","{
  ""annotations"": [
    {
      ""text"": ""no polarizing language selected"",
      ""category"": ""No Polarizing language"",
      ""subcategory"": ""no polarizing language"",
      ""paragraphIndex"": 0
    },
    {
      ""text"": ""no polarizing language selected"",
      ""category"": ""No Polarizing language"",
      ""subcategory"": ""no polarizing language"",
      ""paragraphIndex"": 1
    }
  ]
}","{""title"": ""south african woman reunited with son six years after he disappeared and was tracked down 1,000 miles away"", ""topic"": ""science"", ""source"": ""Los Angeles Times"", ""rating"": ""left"", ""annotations"": [{""category"": ""No Polarizing language"", ""subcategory"": ""no polarizing language"", ""text"": ""no polarizing language selected"", ""openFeedback"": ""The paragraph provides a factual narrative of a missing person case and the events leading to the discovery, without using inflammatory language or propaganda techniques."", ""paragraphIndex"": 0}, {""category"": ""No Polarizing language"", ""subcategory"": ""no polarizing language"", ""text"": ""no polarizing language selected"", ""openFeedback"": ""This paragraph contains quotes and details about the logistical and financial challenges of the reunion. While it includes unrelated headlines (likely artifacts), the main text does not employ propaganda or inflammatory rhetoric."", ""paragraphIndex"": 1}, {""category"": ""No Polarizing language"", ""subcategory"": ""no polarizing language"", ""text"": ""no polarizing language selected"", ""openFeedback"": ""The paragraph describes the reunion and includes a quote from the officer about public perception of police. This quote is presented as a personal reflection in a human-interest context rather than persuasive propaganda."", ""paragraphIndex"": 2}]}"
7,Ex-Posen mayor pleads guilty to embezzling village funds,crime,Chicago Tribune,center,"{
  ""annotations"": [
    {
      ""text"": ""no polarizing language selected"",
      ""category"": ""No Polarizing language"",
      ""subcategory"": ""no polarizing language"",
      ""paragraphIndex"": 0
    },
    {
      ""text"": ""no polarizing language selected"",
      ""category"": ""No Polarizing language"",
      ""subcategory"": ""no polarizing language"",
      ""paragraphIndex"": 1
    }
  ]
}","{
  ""title"": ""Ex-Posen mayor pleads guilty to embezzling village funds"",
  ""topic"": ""crime"",
  ""source"": ""Chicago Tribune"",
  ""rating"": ""center"",
  ""annotations"": [
    {
      ""category"": ""No Polarizing language"",
      ""subcategory"": ""no polarizing language"",
      ""text"": ""no polarizing language selected"",
      ""openFeedback"": ""The paragraph reports factual details regarding the court proceedings, the guilty plea, and the specific charges without using inflammatory language or propaganda techniques."",
      ""paragraphIndex"": 0
    },
    {
      ""category"": ""No Polarizing language"",
      ""subcategory"": ""no polarizing language"",
      ""text"": ""no polarizing language selected"",
      ""openFeedback"": ""This paragraph contains quotes from attorneys and factual background information about the case and previous incidents, maintaining a neutral, journalistic tone."",
      ""paragraphIndex"": 1
    },
    {
      ""category"": ""No Polarizing language"",
      ""subcategory"": ""no polarizing language"",
      ""text"": ""no polarizing language selected"",
      ""openFeedback"": ""The paragraph provides historical context regarding a previous mayor's conviction in a factual manner without bias or rhetorical manipulation."",
      ""paragraphIndex"": 2
    }
  ]
}","{
  ""annotations"": [
    {
      ""text"": ""no polarizing language selected"",
      ""category"": ""No Polarizing language"",
      ""subcategory"": ""no polarizing language"",
      ""paragraphIndex"": 0
    },
    {
      ""text"": ""no polarizing language selected"",
      ""category"": ""No Polarizing language"",
      ""subcategory"": ""no polarizing language"",
      ""paragraphIndex"": 1
    }
  ]
}","{""title"": ""Ex-Posen mayor pleads guilty to embezzling village funds"", ""topic"": ""crime"", ""source"": ""Chicago Tribune"", ""rating"": ""center"", ""annotations"": [{""category"": ""No Polarizing language"", ""subcategory"": ""no polarizing language"", ""text"": ""no polarizing language selected"", ""openFeedback"": ""The paragraph reports factual details regarding the court proceedings, the guilty plea, and the specific charges without using inflammatory language or propaganda techniques."", ""paragraphIndex"": 0}, {""category"": ""No Polarizing language"", ""subcategory"": ""no polarizing language"", ""text"": ""no polarizing language selected"", ""openFeedback"": ""This paragraph contains quotes from attorneys and factual background information about the case and previous incidents, maintaining a neutral, journalistic tone."", ""paragraphIndex"": 1}, {""category"": ""No Polarizing language"", ""subcategory"": ""no polarizing language"", ""text"": ""no polarizing language selected"", ""openFeedback"": ""The paragraph provides historical context regarding a previous mayor's conviction in a factual manner without bias or rhetorical manipulation."", ""paragraphIndex"": 2}]}"
8,rosemount recreation center plan gets positive response so far,health,AP,center,"{
  ""annotations"": [
    {
      ""text"": ""no polarizing language selected"",
      ""category"": ""No Polarizing language"",
      ""subcategory"": ""no polarizing language"",
      ""paragraphIndex"": 0
    },
    {
      ""text"": ""no polarizing language selected"",
      ""category"": ""No Polarizing language"",
      ""subcategory"": ""no polarizing language"",
      ""paragraphIndex"": 1
    },
    {
      ""text"": ""no polarizing language selected"",
      ""category"": ""No Polarizing language"",
      ""subcategory"": ""no polarizing language"",
      ""paragraphIndex"": 2
    }
  ]
}","{
  ""title"": ""rosemount recreation center plan gets positive response so far"",
  ""topic"": ""health"",
  ""source"": ""AP"",
  ""rating"": ""center"",
  ""annotations"": [
    {
      ""category"": ""No Polarizing language"",
      ""subcategory"": ""no polarizing language"",
      ""text"": ""no polarizing language selected"",
      ""openFeedback"": ""The paragraph provides factual updates on a city council survey and project proposal without using inflammatory language or propaganda techniques."",
      ""paragraphIndex"": 0
    },
    {
      ""category"": ""No Polarizing language"",
      ""subcategory"": ""no polarizing language"",
      ""text"": ""no polarizing language selected"",
      ""openFeedback"": ""The paragraph cites demographic statistics and quotes officials regarding community needs and resources in a neutral manner."",
      ""paragraphIndex"": 1
    },
    {
      ""category"": ""No Polarizing language"",
      ""subcategory"": ""no polarizing language"",
      ""text"": ""no polarizing language selected"",
      ""openFeedback"": ""The paragraph discusses future planning steps and financial considerations factually. Included headlines for related articles are structural elements, not discourse."",
      ""paragraphIndex"": 2
    },
    {
      ""category"": ""No Polarizing language"",
      ""subcategory"": ""no polarizing language"",
      ""text"": ""no polarizing language selected"",
      ""openFeedback"": ""The paragraph provides administrative details about upcoming meetings and public input methods neutrally."",
      ""paragraphIndex"": 3
    }
  ]
}","{
  ""annotations"": [
    {
      ""text"": ""no polarizing language selected"",
      ""category"": ""No Polarizing language"",
      ""subcategory"": ""no polarizing language"",
      ""paragraphIndex"": 0
    },
    {
      ""text"": ""no polarizing language selected"",
      ""category"": ""No Polarizing language"",
      ""subcategory"": ""no polarizing language"",
      ""paragraphIndex"": 1
    },
    {
      ""text"": ""no polarizing language selected"",
      ""category"": ""No Polarizing language"",
      ""subcategory"": ""no polarizing language"",
      ""paragraphIndex"": 2
    }
  ]
}","{""title"": ""rosemount recreation center plan gets positive response so far"", ""topic"": ""health"", ""source"": ""AP"", ""rating"": ""center"", ""annotations"": [{""category"": ""No Polarizing language"", ""subcategory"": ""no polarizing language"", ""text"": ""no polarizing language selected"", ""openFeedback"": ""The paragraph provides factual updates on a city council survey and project proposal without using inflammatory language or propaganda techniques."", ""paragraphIndex"": 0}, {""category"": ""No Polarizing language"", ""subcategory"": ""no polarizing language"", ""text"": ""no polarizing language selected"", ""openFeedback"": ""The paragraph cites demographic statistics and quotes officials regarding community needs and resources in a neutral manner."", ""paragraphIndex"": 1}, {""category"": ""No Polarizing language"", ""subcategory"": ""no polarizing language"", ""text"": ""no polarizing language selected"", ""openFeedback"": ""The paragraph discusses future planning steps and financial considerations factually. Included headlines for related articles are structural elements, not discourse."", ""paragraphIndex"": 2}, {""category"": ""No Polarizing language"", ""subcategory"": ""no polarizing language"", ""text"": ""no polarizing language selected"", ""openFeedback"": ""The paragraph provides administrative details about upcoming meetings and public input methods neutrally."", ""paragraphIndex"": 3}]}"
9,Ridgecrest earthquakes caused damage to the earth's crust seen from satellite,science,Los Angeles Times,left,"{
  ""annotations"": [
    {
      ""text"": ""Damage to the earth's crust from the 6.4 and 7.1 magnitude earthquakes that struck Southern California last week is visible in a kaleidoscopic satellite image released by NASA."",
      ""category"": ""No Polarizing language"",
      ""subcategory"": ""no polarizing language"",
      ""paragraphIndex"": 0
    },
    {
      ""text"": ""The Advanced Rapid Imaging and Analysis team at NASA's Jet Propulsion Laboratory in Pasadena, California, used satellite data to produce a map showing ruptures and displacements not visible to the naked eye employing technology that has been developed over the last quarter century."",
      ""category"": ""No Polarizing language"",
      ""subcategory"": ""no polarizing language"",
      ""paragraphIndex"": 0
    },
    {
      ""text"": ""The imagery was acquired on July 8 and compared with data from April 8."",
      ""category"": ""No Polarizing language"",
      ""subcategory"": ""no polarizing language"",
      ""paragraphIndex"": 0
    },
    {
      ""text"": ""The earthquakes were the largest to hit California in nearly 20 years and were felt as far away as Phoenix and Mexicali, Mexico."",
      ""category"": ""No Polarizing language"",
      ""subcategory"": ""no polarizing language"",
      ""paragraphIndex"": 0
    },
    {
      ""text"": ""The temblors and the thousands of aftershocks that followed did not lead to major structural damage near the Ridgecrest epicenter, but did have residents of nearby Trona, Calif. worrying about their town's future."",
      ""category"": ""No Polarizing language"",
      ""subcategory"": ""no polarizing language"",
      ""paragraphIndex"": 0
    },
    {
      ""text"": ""Authorities are investigating whether the death of a man 95 miles away in Pahrump, Nev., was tied to the earthquake."",
      ""category"": ""No Polarizing language"",
      ""subcategory"": ""no polarizing language"",
      ""paragraphIndex"": 0
    },
    {
      ""text"": ""The man was pinned under a Jeep after the vehicle fell off its jacks following the quake."",
      ""category"": ""No Polarizing language"",
      ""subcategory"": ""no polarizing language"",
      ""paragraphIndex"": 1
    },
    {
      ""text"": ""On the NASA map, each color of the psychedelic-looking image represents 4.8 inches of ground displacement."",
      ""category"": ""No Polarizing language"",
      ""subcategory"": ""no polarizing language"",
      ""paragraphIndex"": 1
    },
    {
      ""text"": ""Linear color lines indicate where an area was cracked open or was disturbed."",
      ""category"": ""No Polarizing language"",
      ""subcategory"": ""no polarizing language"",
      ""paragraphIndex"": 1
    },
    {
      ""text"": ""\""One of the things that we want to know after an earthquake happens is which fault moved and how far it moved."",
      ""category"": ""No Polarizing language"",
      ""subcategory"": ""no polarizing language"",
      ""paragraphIndex"": 1
    },
    {
      ""text"": ""So, by using these satellite images, we can determine where the fault is, what lengths of the fault slipped in the earthquake and which fault moved the most."",
      ""category"": ""No Polarizing language"",
      ""subcategory"": ""no polarizing language"",
      ""paragraphIndex"": 1
    },
    {
      ""text"": ""That allows us to better understand where future earthquakes could happen,\"" said JPL's Eric Fielding."",
      ""category"": ""No Polarizing language"",
      ""subcategory"": ""no polarizing language"",
      ""paragraphIndex"": 1
    },
    {
      ""text"": ""It once took a year to obtain such satellite images, as was the case when capturing the impact of the 7.3 magnitude Landers earthquake in the Mojave Desert in 1992."",
      ""category"": ""No Polarizing language"",
      ""subcategory"": ""no polarizing language"",
      ""paragraphIndex"": 1
    },
    {
      ""text"": ""But Fielding said that since 2016, images can arrive within three to four days."",
      ""category"": ""No Polarizing language"",
      ""subcategory"": ""no polarizing language"",
      ""paragraphIndex"": 1
    },
    {
      ""text"": ""The Japanese Aerospace Exploration Agency provided the data to produce the map."",
      ""category"": ""No Polarizing language"",
      ""subcategory"": ""no polarizing language"",
      ""paragraphIndex"": 2
    },
    {
      ""text"": ""NASA is building its own radar satellite at JPL."",
      ""category"": ""No Polarizing language"",
      ""subcategory"": ""no polarizing language"",
      ""paragraphIndex"": 2
    },
    {
      ""text"": ""When it launches in roughly three years, Fielding said, the technology will be able to \""map the whole Earth every 12 days.\"""",
      ""category"": ""No Polarizing language"",
      ""subcategory"": ""no polarizing language"",
      ""paragraphIndex"": 2
    },
    {
      ""text"": ""colleen.shalby@latimes.com @cshalby"",
      ""category"": ""No Polarizing language"",
      ""subcategory"": ""no polarizing language"",
      ""paragraphIndex"": 2
    }
  ]
}","{
  ""title"": ""Ridgecrest earthquakes caused damage to the earth's crust seen from satellite"",
  ""topic"": ""science"",
  ""source"": ""Los Angeles Times"",
  ""rating"": ""left"",
  ""annotations"": [
    {
      ""category"": ""No Polarizing language"",
      ""subcategory"": ""no polarizing language"",
      ""text"": ""no polarizing language selected"",
      ""openFeedback"": ""The paragraph provides factual reporting on the earthquake, the NASA satellite imagery, and the immediate effects, with no inflammatory or persuasive language used."",
      ""paragraphIndex"": 0
    },
    {
      ""category"": ""No Polarizing language"",
      ""subcategory"": ""no polarizing language"",
      ""text"": ""no polarizing language selected"",
      ""openFeedback"": ""The paragraph explains the technical details of the satellite imagery and quotes an expert on its utility, remaining purely informational."",
      ""paragraphIndex"": 1
    },
    {
      ""category"": ""No Polarizing language"",
      ""subcategory"": ""no polarizing language"",
      ""text"": ""no polarizing language selected"",
      ""openFeedback"": ""The paragraph credits the data source and mentions future technological developments without using persuasive or inflammatory techniques."",
      ""paragraphIndex"": 2
    }
  ]
}","{
  ""annotations"": [
    {
      ""text"": ""no polarizing language selected"",
      ""category"": ""No Polarizing language"",
      ""subcategory"": ""no polarizing language"",
      ""paragraphIndex"": 0
    },
    {
      ""text"": ""no polarizing language selected"",
      ""category"": ""No Polarizing language"",
      ""subcategory"": ""no polarizing language"",
      ""paragraphIndex"": 1
    },
    {
      ""text"": ""no polarizing language selected"",
      ""category"": ""No Polarizing language"",
      ""subcategory"": ""no polarizing language"",
      ""paragraphIndex"": 2
    }
  ]
}","{""title"": ""Ridgecrest earthquakes caused damage to the earth's crust seen from satellite"", ""topic"": ""science"", ""source"": ""Los Angeles Times"", ""rating"": ""left"", ""annotations"": [{""category"": ""No Polarizing language"", ""subcategory"": ""no polarizing language"", ""text"": ""no polarizing language selected"", ""openFeedback"": ""The paragraph provides factual reporting on the earthquake, the NASA satellite imagery, and the immediate effects, with no inflammatory or persuasive language used."", ""paragraphIndex"": 0}, {""category"": ""No Polarizing language"", ""subcategory"": ""no polarizing language"", ""text"": ""no polarizing language selected"", ""openFeedback"": ""The paragraph explains the technical details of the satellite imagery and quotes an expert on its utility, remaining purely informational."", ""paragraphIndex"": 1}, {""category"": ""No Polarizing language"", ""subcategory"": ""no polarizing language"", ""text"": ""no polarizing language selected"", ""openFeedback"": ""The paragraph credits the data source and mentions future technological developments without using persuasive or inflammatory techniques."", ""paragraphIndex"": 2}]}"
10,Protest in Madrid as conservatives suspend ban on most polluting cars,environmental issues,Reuters,center,"{
  ""annotations"": [
    {
      ""text"": ""raising fears that environmental rollbacks seen in the United States may be spreading to Europe"",
      ""category"": ""Persuasive Propaganda"",
      ""subcategory"": ""Exaggeration"",
      ""paragraphIndex"": 0
    },
    {
      ""text"": ""no polarizing language selected"",
      ""category"": ""No Polarizing language"",
      ""subcategory"": ""no polarizing language"",
      ""paragraphIndex"": 1
    },
    {
      ""text"": ""\""Yes we can, I do want Madrid central,\"" chanted the protesters"",
      ""category"": ""Persuasive Propaganda"",
      ""subcategory"": ""Slogans"",
      ""paragraphIndex"": 2
    },
    {
      ""text"": ""\""We have to save (the planet) starting at the local and small level, the first thing is Madrid's center,\"""",
      ""category"": ""Persuasive Propaganda"",
      ""subcategory"": ""Causal Oversimplification"",
      ""paragraphIndex"": 3
    },
    {
      ""text"": ""no polarizing language selected"",
      ""category"": ""No Polarizing language"",
      ""subcategory"": ""no polarizing language"",
      ""paragraphIndex"": 4
    },
    {
      ""text"": ""no polarizing language selected"",
      ""category"": ""No Polarizing language"",
      ""subcategory"": ""no polarizing language"",
      ""paragraphIndex"": 5
    }
  ]
}","{
  ""title"": ""Protest in Madrid as conservatives suspend ban on most polluting cars"",
  ""topic"": ""environmental issues"",
  ""source"": ""Reuters"",
  ""rating"": ""center"",
  ""annotations"": [
    {
      ""category"": ""Persuasive Propaganda"",
      ""subcategory"": ""slogans"",
      ""text"": ""Yes we can, I do want Madrid central"",
      ""openFeedback"": ""The article quotes a slogan chanted by protesters."",
      ""paragraphIndex"": 0
    },
    {
      ""category"": ""Persuasive Propaganda"",
      ""subcategory"": ""slogans"",
      ""text"": ""I want to breathe free"",
      ""openFeedback"": ""The text cites a slogan appearing on a banner."",
      ""paragraphIndex"": 0
    },
    {
      ""category"": ""Persuasive Propaganda"",
      ""subcategory"": ""slogans"",
      ""text"": ""We aspire to have a Madrid without smoke"",
      ""openFeedback"": ""The text cites a slogan appearing on a banner."",
      ""paragraphIndex"": 0
    },
    {
      ""category"": ""No Polarizing language"",
      ""subcategory"": ""no polarizing language"",
      ""text"": ""no polarizing language selected"",
      ""openFeedback"": ""This paragraph reports on statements and background facts without using inflammatory language or propaganda techniques in the narrative voice."",
      ""paragraphIndex"": 1
    },
    {
      ""category"": ""No Polarizing language"",
      ""subcategory"": ""no polarizing language"",
      ""text"": ""no polarizing language selected"",
      ""openFeedback"": ""This paragraph provides factual details about the policy change and citations from officials and experts without polarizing language."",
      ""paragraphIndex"": 2
    }
  ]
}","{
  ""annotations"": [
    {
      ""text"": ""raising fears that environmental rollbacks seen in the United States may be spreading to Europe"",
      ""category"": ""Persuasive Propaganda"",
      ""subcategory"": ""Exaggeration"",
      ""paragraphIndex"": 0
    },
    {
      ""text"": ""no polarizing language selected"",
      ""category"": ""No Polarizing language"",
      ""subcategory"": ""no polarizing language"",
      ""paragraphIndex"": 1
    },
    {
      ""text"": ""\""Yes we can, I do want Madrid central,\"" chanted the protesters"",
      ""category"": ""Persuasive Propaganda"",
      ""subcategory"": ""Slogans"",
      ""paragraphIndex"": 2
    },
    {
      ""text"": ""\""We have to save (the planet) starting at the local and small level, the first thing is Madrid's center,\"""",
      ""category"": ""Persuasive Propaganda"",
      ""subcategory"": ""Exaggeration"",
      ""paragraphIndex"": 3
    },
    {
      ""text"": ""no polarizing language selected"",
      ""category"": ""No Polarizing language"",
      ""subcategory"": ""no polarizing language"",
      ""paragraphIndex"": 4
    },
    {
      ""text"": ""no polarizing language selected"",
      ""category"": ""No Polarizing language"",
      ""subcategory"": ""no polarizing language"",
      ""paragraphIndex"": 5
    }
  ]
}","{""title"": ""Protest in Madrid as conservatives suspend ban on most polluting cars"", ""topic"": ""environmental issues"", ""source"": ""Reuters"", ""rating"": ""center"", ""annotations"": [{""category"": ""Persuasive Propaganda"", ""subcategory"": ""exaggeration"", ""text"": ""raising fears that environmental rollbacks seen in the United States may be spreading to Europe"", ""openFeedback"": ""Auto-filled: Persuasive Propaganda / exaggeration"", ""paragraphIndex"": 0}, {""category"": ""Persuasive Propaganda"", ""subcategory"": ""slogans"", ""text"": ""\""Yes we can, I do want Madrid central,\"" chanted the protesters"", ""openFeedback"": ""Auto-filled: Persuasive Propaganda / slogans"", ""paragraphIndex"": 0}, {""category"": ""Persuasive Propaganda"", ""subcategory"": ""slogans"", ""text"": ""Yes we can, I do want Madrid central"", ""openFeedback"": ""The article quotes a slogan chanted by protesters."", ""paragraphIndex"": 0}, {""category"": ""Persuasive Propaganda"", ""subcategory"": ""slogans"", ""text"": ""I want to breathe free"", ""openFeedback"": ""The text cites a slogan appearing on a banner."", ""paragraphIndex"": 0}, {""category"": ""Persuasive Propaganda"", ""subcategory"": ""slogans"", ""text"": ""We aspire to have a Madrid without smoke"", ""openFeedback"": ""The text cites a slogan appearing on a banner."", ""paragraphIndex"": 0}, {""category"": ""Persuasive Propaganda"", ""subcategory"": ""exaggeration"", ""text"": ""\""We have to save (the planet) starting at the local and small level, the first thing is Madrid's center,\"""", ""openFeedback"": ""Auto-filled: Persuasive Propaganda / exaggeration"", ""paragraphIndex"": 1}, {""category"": ""No Polarizing language"", ""subcategory"": ""no polarizing language"", ""text"": ""no polarizing language selected"", ""openFeedback"": ""Auto-filled: No Polarizing language / no polarizing language"", ""paragraphIndex"": 1}, {""category"": ""No Polarizing language"", ""subcategory"": ""no polarizing language"", ""text"": ""no polarizing language selected"", ""openFeedback"": ""This paragraph reports on statements and background facts without using inflammatory language or propaganda techniques in the narrative voice."", ""paragraphIndex"": 1}, {""category"": ""No Polarizing language"", ""subcategory"": ""no polarizing language"", ""text"": ""no polarizing language selected"", ""openFeedback"": ""Auto-filled: No Polarizing language / no polarizing language"", ""paragraphIndex"": 2}, {""category"": ""No Polarizing language"", ""subcategory"": ""no polarizing language"", ""text"": ""no polarizing language selected"", ""openFeedback"": ""This paragraph provides factual details about the policy change and citations from officials and experts without polarizing language."", ""paragraphIndex"": 2}]}"
11,Missouri's only abortion clinic to remain open after judge's injunction holds,legal arguments,NBC News,left,"{
  ""annotations"": [
    {
      ""text"": ""no polarizing language selected"",
      ""category"": ""No Polarizing language"",
      ""subcategory"": ""no polarizing language"",
      ""paragraphIndex"": 0
    },
    {
      ""text"": ""medically unnecessary hoops and regulations"",
      ""category"": ""Persuasive Propaganda"",
      ""subcategory"": ""Exaggeration"",
      ""paragraphIndex"": 1
    },
    {
      ""text"": ""medically unnecessary hoops and regulations, but you can still come to Planned Parenthood today for all of your reproductive health care"",
      ""category"": ""Persuasive Propaganda"",
      ""subcategory"": ""Bandwagon"",
      ""paragraphIndex"": 1
    },
    {
      ""text"": ""no polarizing language selected"",
      ""category"": ""No Polarizing language"",
      ""subcategory"": ""no polarizing language"",
      ""paragraphIndex"": 2
    },
    {
      ""text"": ""greater anti-abortion effort by the state's administration"",
      ""category"": ""Persuasive Propaganda"",
      ""subcategory"": ""Causal Oversimplification"",
      ""paragraphIndex"": 3
    },
    {
      ""text"": ""another medically unnecessary requirement that the state was putting on it to whittle down Missouri residents' access to abortion"",
      ""category"": ""Persuasive Propaganda"",
      ""subcategory"": ""Causal Oversimplification"",
      ""paragraphIndex"": 3
    },
    {
      ""text"": ""another medically unnecessary requirement"",
      ""category"": ""Persuasive Propaganda"",
      ""subcategory"": ""Exaggeration"",
      ""paragraphIndex"": 3
    },
    {
      ""text"": ""no polarizing language selected"",
      ""category"": ""No Polarizing language"",
      ""subcategory"": ""no polarizing language"",
      ""paragraphIndex"": 4
    },
    {
      ""text"": ""stringent and perpetually evolving requirements"",
      ""category"": ""Persuasive Propaganda"",
      ""subcategory"": ""Exaggeration"",
      ""paragraphIndex"": 5
    },
    {
      ""text"": ""a slew of recent anti-abortion legislation across the country"",
      ""category"": ""Persuasive Propaganda"",
      ""subcategory"": ""Exaggeration"",
      ""paragraphIndex"": 6
    },
    {
      ""text"": ""near-total ban on abortions in Alabama"",
      ""category"": ""Persuasive Propaganda"",
      ""subcategory"": ""Exaggeration"",
      ""paragraphIndex"": 6
    },
    {
      ""text"": ""no polarizing language selected"",
      ""category"": ""No Polarizing language"",
      ""subcategory"": ""no polarizing language"",
      ""paragraphIndex"": 7
    }
  ]
}","{
  ""title"": ""Missouri's only abortion clinic to remain open after judge's injunction holds"",
  ""topic"": ""legal arguments"",
  ""source"": ""NBC News"",
  ""rating"": ""left"",
  ""annotations"": [
    {
      ""category"": ""No Polarizing language"",
      ""subcategory"": ""no polarizing language"",
      ""text"": ""no polarizing language selected"",
      ""openFeedback"": ""The paragraph reports on a court ruling using descriptive language ('whiplash', 'embattled') that fits journalistic standards and does not constitute inflammatory language."",
      ""paragraphIndex"": 0
    },
    {
      ""category"": ""No Polarizing language"",
      ""subcategory"": ""no polarizing language"",
      ""text"": ""no polarizing language selected"",
      ""openFeedback"": ""The paragraph contains strong opinions within quotes ('medically unnecessary hoops', 'gravely compromised'), but the reporting itself remains neutral, attributing these claims to their respective sources."",
      ""paragraphIndex"": 1
    },
    {
      ""category"": ""No Polarizing language"",
      ""subcategory"": ""no polarizing language"",
      ""text"": ""no polarizing language selected"",
      ""openFeedback"": ""The paragraph outlines legal arguments and recent legislation, attributing claims to the clinic and describing the Governor's actions factually."",
      ""paragraphIndex"": 2
    },
    {
      ""category"": ""No Polarizing language"",
      ""subcategory"": ""no polarizing language"",
      ""text"": ""no polarizing language selected"",
      ""openFeedback"": ""The paragraph provides background on clinic closures. While the phrase 'stringent and perpetually evolving requirements' is descriptive and slightly strong, it summarizes the regulatory environment without crossing into explicit propaganda."",
      ""paragraphIndex"": 3
    }
  ]
}","{
  ""annotations"": [
    {
      ""text"": ""embattled health center"",
      ""category"": ""Inflammatory Language"",
      ""subcategory"": ""Name-Calling"",
      ""paragraphIndex"": 0
    },
    {
      ""text"": ""no polarizing language selected"",
      ""category"": ""No Polarizing language"",
      ""subcategory"": ""no polarizing language"",
      ""paragraphIndex"": 1
    },
    {
      ""text"": ""greater anti-abortion effort by the state's administration"",
      ""category"": ""Persuasive Propaganda"",
      ""subcategory"": ""Causal Oversimplification"",
      ""paragraphIndex"": 2
    },
    {
      ""text"": ""another medically unnecessary requirement that the state was putting on it to whittle down Missouri residents' access to abortion"",
      ""category"": ""Persuasive Propaganda"",
      ""subcategory"": ""Causal Oversimplification"",
      ""paragraphIndex"": 2
    },
    {
      ""text"": ""stringent and perpetually evolving requirements"",
      ""category"": ""Persuasive Propaganda"",
      ""subcategory"": ""Exaggeration"",
      ""paragraphIndex"": 3
    },
    {
      ""text"": ""slew of recent anti-abortion legislation across the country"",
      ""category"": ""Persuasive Propaganda"",
      ""subcategory"": ""Exaggeration"",
      ""paragraphIndex"": 3
    },
    {
      ""text"": ""near-total ban on abortions in Alabama"",
      ""category"": ""Persuasive Propaganda"",
      ""subcategory"": ""Exaggeration"",
      ""paragraphIndex"": 3
    },
    {
      ""text"": ""no polarizing language selected"",
      ""category"": ""No Polarizing language"",
      ""subcategory"": ""no polarizing language"",
      ""paragraphIndex"": 4
    }
  ]
}","{""title"": ""Missouri's only abortion clinic to remain open after judge's injunction holds"", ""topic"": ""legal arguments"", ""source"": ""NBC News"", ""rating"": ""left"", ""annotations"": [{""category"": ""No Polarizing language"", ""subcategory"": ""no polarizing language"", ""text"": ""no polarizing language selected"", ""openFeedback"": ""The paragraph reports on a court ruling using descriptive language ('whiplash', 'embattled') that fits journalistic standards and does not constitute inflammatory language."", ""paragraphIndex"": 0}, {""category"": ""No Polarizing language"", ""subcategory"": ""no polarizing language"", ""text"": ""no polarizing language selected"", ""openFeedback"": ""The paragraph contains strong opinions within quotes ('medically unnecessary hoops', 'gravely compromised'), but the reporting itself remains neutral, attributing these claims to their respective sources."", ""paragraphIndex"": 1}, {""category"": ""Persuasive Propaganda"", ""subcategory"": ""casual oversimplification"", ""text"": ""greater anti-abortion effort by the state's administration"", ""openFeedback"": ""This phrase frames the licensing dispute as part of a broader, unified anti-abortion campaign by the state administration, simplifying complex regulatory and political dynamics into a single motive."", ""paragraphIndex"": 2}, {""category"": ""Persuasive Propaganda"", ""subcategory"": ""casual oversimplification"", ""text"": ""another medically unnecessary requirement that the state was putting on it to whittle down Missouri residents' access to abortion"", ""openFeedback"": ""This statement attributes a singular strategic intent to the statereducing access to abortionbehind a specific regulation, oversimplifying potentially multifaceted regulatory reasons."", ""paragraphIndex"": 2}, {""category"": ""No Polarizing language"", ""subcategory"": ""no polarizing language"", ""text"": ""no polarizing language selected"", ""openFeedback"": ""The paragraph outlines legal arguments and recent legislation, attributing claims to the clinic and describing the Governor's actions factually."", ""paragraphIndex"": 2}, {""category"": ""Persuasive Propaganda"", ""subcategory"": ""exaggeration"", ""text"": ""stringent and perpetually evolving requirements"", ""openFeedback"": ""This phrase emphasizes the burden and constant change of regulations in a way that amplifies their severity, suggesting an unusually harsh and unstable regulatory environment."", ""paragraphIndex"": 3}, {""category"": ""Persuasive Propaganda"", ""subcategory"": ""exaggeration"", ""text"": ""a slew of recent anti-abortion legislation across the country"", ""openFeedback"": ""The term 'slew' is a vague, amplifying descriptor that portrays the volume of legislation as especially large or overwhelming without providing precise quantification."", ""paragraphIndex"": 3}, {""category"": ""Persuasive Propaganda"", ""subcategory"": ""exaggeration"", ""text"": ""near-total ban on abortions in Alabama"", ""openFeedback"": ""Describing the Alabama law as a 'near-total ban' heightens its restrictiveness; while it may be highly restrictive, the phrasing is rhetorically strong and emphasizes extremity."", ""paragraphIndex"": 3}]}"
